s{,敪,s,li2019-06-01j
s,,c,64894 
s,,,164064 
s,,`,259042 
s,,Vh,349844 
s,,,233926 
s,,䓌,207838 
s,,nc,269163 
s,,],518442 
s,,i,409591 
s,,ڍ,287139 
s,,c,739245 
s,,cJ,936828 
s,,aJ,234195 
s,,,341365 
s,,,584479 
s,,L,301672 
s,,k,354158 
s,,r,218515 
s,,,582829 
s,,n,740483 
s,,,682664 
s,,,454492 
s,,]ː,695386 
s,s,qs,577653 
s,s,s,181004 
s,s,s,148538 
s,s,Os,192201 
s,s,~s,134054 
s,s,{s,264040 
s,s,s,112162 
s,s,zs,239427 
s,s,cs,434410 
s,s,s,125611 
s,s,s,195986 
s,s,s,189789 
s,s,Rs,150325 
s,s,s,127622 
s,s,s,75178 
s,s,s,57813 
s,s,]s,83851 
s,s,as,84253 
s,s,s,75237 
s,s,vĎs,116459 
s,s,Rs,71600 
s,s,s,147990 
s,s,s,91514 
s,s,Hs,55020 
s,s,s,80086 
s,s,s,205354 
s,,䒬,32564 
s,,̏o,17156 
s,,w,2039 
s,,,4969 
s,,哇,7283 
s,,,337 
s,,V,2625 
s,,_Ó,1863 
s,,O,2304 
s,,䑠,336 
s,,䒬,7156 
s,,,178 
s,,},3045 
